title,list_label,link,salary,finish_days
(Bulk) Typography desain untuk cut file| manual tangan,Design Arts| CorelDRAW| Graphic Design| Adobe Illustrator,https://projects.co.id/public/browse_projects/view/c87a1b/bulk-typography-desain-untuk-cut-file-manual-tangan,Rp 2.500.000 - 4.000.000,30
DICARI AKUN Google Play Console Godev BEKAS,Brochure| .NET Micro Framework| Cocoa| Cold Fusion| Apache| Appcelerator Titanium| Civil and Structure Analysis| Cognito| Bridge Engineering Structure| Blue Tick Whatapp,https://projects.co.id/public/browse_projects/view/1c781b/dicari-akun-google-play-console-godev-bekas,Rp 1.000.000 - 5.000.000,7
Membuat Template Front End Web Top Up Game By TokoTopup.id,NodeJS| VueJS,https://projects.co.id/public/browse_projects/view/097c1b/membuat-template-front-end-web-top-up-game-by-tokotopupid,Rp 4.000.000 - 7.000.000,30
Buat Plugin/Module sederhana untuk WHMCS automation,Linux| Database Programming| MySQL| Linux Programming| PHP| CPanel| WHM| Linux Administration| WHMCS,https://projects.co.id/public/browse_projects/view/eb7b1b/buat-pluginmodule-sederhana-untuk-whmcs-automation,Rp 1.500.000 - 1.800.000,7
PHP Script Untuk Cek IP BLacklist,Linux| MySQL| Linux Programming| PHP| Website Templates| Laravel Framework| Linux Administration| Apache,https://projects.co.id/public/browse_projects/view/e87b1b/php-script-untuk-cek-ip-blacklist,Rp 1.500.000 - 2.000.000,7
Scrape & Upload Produk Shopee & Tokopedia Niche ATK (Alat Tulis Kantor),Web Scrapping,https://projects.co.id/public/browse_projects/view/917b1b/scrape-amp-upload-produk-shopee-amp-tokopedia-niche-atk-alat-tulis-kantor,Rp 150.000 - 175.000,7
CODEIGNITER 3.1.13 Buat CRUD MVC dan API dalam 1 engine CI,CodeIgniter,https://projects.co.id/public/browse_projects/view/cd7b1b/codeigniter-3113-buat-crud-mvc-dan-api-dalam-1-engine-ci,Rp 1.500.000 - 2.000.000,7
Butuh pembutan Webstie Top Up dengan Laravel / CodeIgniter (Khusus yang benar2 BISA!),MySQL| Web Programming| JavaScript| PHP| CodeIgniter| Laravel Framework| ReactJS| API Gateway| Github,https://projects.co.id/public/browse_projects/view/91751b/butuh-pembutan-webstie-top-up-dengan-laravel-codeigniter-khusus-yang-benar2-bisa,Rp 25.000.000 - 35.000.000,45
Artikel SEO Friendly Untuk Blog,Writing| Blog| Blogspot| Copywriter| Content Writer,https://projects.co.id/public/browse_projects/view/1e761b/artikel-seo-friendly-untuk-blog,Rp 125.000 - 150.000,7
KOL Marketing,Internet Marketing| Social Media Marketing (SMM)| Sales and Marketing| Market Research| Marketing Strategy| Telemarketing| Instagram| Youtube,https://projects.co.id/public/browse_projects/view/437b1b/kol-marketing,Rp 1.250.000 - 2.500.000,14
Dicari senior programmer untuk project Metaverse,3D Architecture| 3D Modelling| Game Programming| C#| Unity 3D| 3D Rendering| Github| Unity| Artificial Intelligence,https://projects.co.id/public/browse_projects/view/6a7b1b/dicari-senior-programmer-untuk-project-metaverse,Rp 10.000.000 - 25.000.000,14
Membuat Website Pohon angpao - Angpao berhadiah dengan estimasi waktu 7- 10 hari (lebih cepat lebih baik),Game Programming| .NET Framework| Website| HTML| Laravel Framework,https://projects.co.id/public/browse_projects/view/617b1b/membuat-website-pohon-angpao-angpao-berhadiah-dengan-estimasi-waktu-7-10-hari-lebih-cepat-lebih-baik,Rp 2.000.000 - 4.000.000,7
App Inventor| bantu perbaiki Aplikasi yang tidak bisa jalan di beberapa Android,App Inventor,https://projects.co.id/public/browse_projects/view/377b1b/app-inventor-bantu-perbaiki-aplikasi-yang-tidak-bisa-jalan-di-beberapa-android,Rp 250.000 - 260.000,7
Pembuatan Toko di Tiktok dan Tokopedia,Advertising| E-Commerce| Content Writer,https://projects.co.id/public/browse_projects/view/527b1b/pembuatan-toko-di-tiktok-dan-tokopedia,Rp 200.000 - 300.000,3
Jasa Invite Member / Tambah Anggota ke Group Telegram,Telegram,https://projects.co.id/public/browse_projects/view/e1791b/jasa-invite-member-tambah-anggota-ke-group-telegram,Rp 3.000.000 - 5.000.000,10
Reword English Article,English| Writing| Content Writer,https://projects.co.id/public/browse_projects/view/167b1b/reword-english-article,Rp 200.000 - 250.000,7
Buat situs web format blog atau news,HTML,https://projects.co.id/public/browse_projects/view/f7781b/buat-situs-web-format-blog-atau-news,Rp 750.000 - 1.000.000,3
Video Player,Web Programming| JavaScript| PHP,https://projects.co.id/public/browse_projects/view/017b1b/video-player,Rp 1.000.000 - 1.000.000,14
Editing video reels instagram dan tiktok,Social Media Marketing (SMM)| Video Editing| Instagram| Social Media,https://projects.co.id/public/browse_projects/view/b07a1b/editing-video-reels-instagram-dan-tiktok,Rp 750.000 - 1.500.000,30
pencarian data tabulasi untuk skripsi excel,Data Entry| Accounting| Microsoft Excel,https://projects.co.id/public/browse_projects/view/da7a1b/pencarian-data-tabulasi-untuk-skripsi-excel,Rp 350.000 - 450.000,4
Pembuatan Bot Auto Register Discord,Python| NodeJS,https://projects.co.id/public/browse_projects/view/b67a1b/pembuatan-bot-auto-register-discord,Rp 1.000.000 - 2.000.000,7
Migrasi Web PHP Native,MySQL| Web Programming| PHP,https://projects.co.id/public/browse_projects/view/a17a1b/migrasi-web-php-native,Rp 200.000 - 300.000,5
DICARI AKUN Google Play Console Godev BEKAS,English| Anim8or| Chief Architect| Adobe After Effects| Dutch| Administration| Cisco| Android studio| ebook| Andromo,https://projects.co.id/public/browse_projects/view/bc711b/dicari-akun-google-play-console-godev-bekas,Rp 1.000.000 - 5.000.000,7
Jasa Menjadikan Official Store Tokopedia,Internet Marketing| Social Media Marketing (SMM)| E-Commerce| Social Media,https://projects.co.id/public/browse_projects/view/8c7a1b/jasa-menjadikan-official-store-tokopedia,Rp 500.000 - 2.000.000,30
membuat tols sederhana upload file excell ke MySQL database,MySQL| PHP| Microsoft Excel| Data Analysis| Data Integration,https://projects.co.id/public/browse_projects/view/927a1b/membuat-tols-sederhana-upload-file-excell-ke-mysql-database,Rp 200.000 - 300.000,7
Aplikasi sistem rental kendaraan,Atmel| Global Positioning System| Electronic Design| Electronic Circuit Design| Microcontroller| Robotics| Atmel AVR| AVR Studio| BASCOM| CVAVR,https://projects.co.id/public/browse_projects/view/657a1b/aplikasi-sistem-rental-kendaraan,Rp 2.500.000 - 5.000.000,7
Pembuatan Web Apps,PHP| Bootstrap| Laravel Framework,https://projects.co.id/public/browse_projects/view/717a1b/pembuatan-web-apps,Rp 1.000.000 - 2.000.000,12
Developer CI Sistem Akuntansi Usaha Dagang,MySQL| CodeIgniter| Git| Visual Studio Code,https://projects.co.id/public/browse_projects/view/5f7a1b/developer-ci-sistem-akuntansi-usaha-dagang,Rp 5.000.000 - 10.000.000,20
butuh freelance programmer php,PHP,https://projects.co.id/public/browse_projects/view/4d7a1b/butuh-freelance-programmer-php,Rp 3.000.000 - 5.000.000,30
50 Soal TPS UTBK bagian PBM,Writing,https://projects.co.id/public/browse_projects/view/6b7a1b/50-soal-tps-utbk-bagian-pbm,Rp 150.000 - 200.000,7
50 Soal TPS UTBK bagian PPU,Writing,https://projects.co.id/public/browse_projects/view/687a1b/50-soal-tps-utbk-bagian-ppu,Rp 150.000 - 200.000,7
Butuh copywriter SEO untuk website berita online,Writing| Copywriter| Content Writer,https://projects.co.id/public/browse_projects/view/537a1b/butuh-copywriter-seo-untuk-website-berita-online,Rp 650.000 - 700.000,10
Butuh admin sosial media + konten creator (IG & tiktok) untuk perusahaan rental motor| kamera| peralatan liburan,Graphic Design| Video Production| Instagram| Content Writer,https://projects.co.id/public/browse_projects/view/a1621b/butuh-admin-sosial-media-konten-creator-ig-amp-tiktok-untuk-perusahaan-rental-motor-kamera-peralatan-liburan,Rp 750.000 - 1.000.000,7
Konversi Laporan menjadi Buku Referensi,Writing| Copywriter| Content Writer,https://projects.co.id/public/browse_projects/view/567a1b/konversi-laporan-menjadi-buku-referensi,Rp 1.800.000 - 2.100.000,20
configurasi yii2 dengan mongodb,PHP| Yii| MongoDB,https://projects.co.id/public/browse_projects/view/507a1b/configurasi-yii2-dengan-mongodb,Rp 450.000 - 500.000,7
Butuh ADMS php untuk mesin finger solution dan fingerspot,PHP| CodeIgniter,https://projects.co.id/public/browse_projects/view/417a1b/butuh-adms-php-untuk-mesin-finger-solution-dan-fingerspot,Rp 750.000 - 1.000.000,5
Laravel 10 + vue js 3,Bootstrap| Laravel Framework| VueJS,https://projects.co.id/public/browse_projects/view/2f7a1b/laravel-10-vue-js-3,Rp 1.000.000 - 1.500.000,7
Telegram auto adder- scrape group members add to your group,Telemarketing,https://projects.co.id/public/browse_projects/view/387a1b/telegram-auto-adder-scrape-group-members-add-to-your-group,Rp 500.000 - 2.500.000,7
Membuat bot klik Button,Database Programming| Firmware Programming| Linux Programming| Mac OS Programming| Mobile Programming| Web Programming| Windows Programming| Desktop Programming| Web Scrapping| Smart card programming,https://projects.co.id/public/browse_projects/view/2c7a1b/membuat-bot-klik-button,Rp 500.000 - 3.000.000,7
System Architects,Apache| API Gateway,https://projects.co.id/public/browse_projects/view/c4781b/system-architects,Rp 10.000.000 - 13.000.000,20
FIWARE Context Broker dan Kafka Specialists,Apache| API Gateway,https://projects.co.id/public/browse_projects/view/be781b/fiware-context-broker-dan-kafka-specialists,Rp 10.000.000 - 13.000.000,20
illustrator character,Illustration,https://projects.co.id/public/browse_projects/view/027a1b/illustrator-character,Rp 500.000 - 2.500.000,14
penambahan fitur,Python,https://projects.co.id/public/browse_projects/view/ff791b/penambahan-fitur,Rp 500.000 - 1.000.000,3
Bantu Perbaiki Template Wordpress Berita,Wordpress Templates,https://projects.co.id/public/browse_projects/view/c9791b/bantu-perbaiki-template-wordpress-berita,Rp 350.000 - 500.000,7
Saya Membutuhkan BOT untuk Views Halaman Website,Software Installation| Windows| Java| Web Programming| Website| Robotics| Ruby| Java Native| Phyton,https://projects.co.id/public/browse_projects/view/c0791b/saya-membutuhkan-bot-untuk-views-halaman-website,Rp 1.000.000 - 1.500.000,100
Dicari Pembuat Fitur Level Express Game HDI,Game Programming,https://projects.co.id/public/browse_projects/view/c6791b/dicari-pembuat-fitur-level-express-game-hdi,Rp 1.000.000 - 2.000.000,7
SEBAR KUESIONER PENELITIAN PADA IBU DARI MURID PAUD,Data Entry| Networking| Reviews| Analysis| Data Analysis| Data Integration| S3| SPSS| Responden| Data Science,https://projects.co.id/public/browse_projects/view/c3791b/sebar-kuesioner-penelitian-pada-ibu-dari-murid-paud,Rp 750.000 - 825.000,7
Butuh Jasa Jam Tayang Youtube,Youtube,https://projects.co.id/public/browse_projects/view/b4791b/butuh-jasa-jam-tayang-youtube,Rp 500.000 - 1.000.000,14
Aplikasi untuk Kost2an,Android| Website,https://projects.co.id/public/browse_projects/view/ba791b/aplikasi-untuk-kost2an,Rp 5.000.000 - 10.000.000,60
Desain grafis dengan kemampuan bahasa inggris untuk mewakili dalam sebuah meeting,English| Graphic Design,https://projects.co.id/public/browse_projects/view/ab791b/desain-grafis-dengan-kemampuan-bahasa-inggris-untuk-mewakili-dalam-sebuah-meeting,Rp 300.000 - 500.000,7
Membuat Web App & Mobile App Multi Purpose (Flutter),Mobile Programming| Web Programming| Laravel Framework| Flutter,https://projects.co.id/public/browse_projects/view/ae791b/membuat-web-app-amp-mobile-app-multi-purpose-flutter,Rp 10.000.000 - 15.000.000,30
Bikin Plugin Untuk Tracking Pengguna,Web Programming| PHP| Wordpress| Website Building| API Gateway,https://projects.co.id/public/browse_projects/view/87791b/bikin-plugin-untuk-tracking-pengguna,Rp 1.250.000 - 1.800.000,7
Penambahan fitur untuk aplikasi mobile react native dan backend laravel,Laravel Framework| React Native,https://projects.co.id/public/browse_projects/view/66791b/penambahan-fitur-untuk-aplikasi-mobile-react-native-dan-backend-laravel,Rp 500.000 - 1.000.000,7
Pembuatan website landing page untuk kampus,JavaScript| jQuery| CodeIgniter| HTML| CSS| Bootstrap,https://projects.co.id/public/browse_projects/view/cd781b/pembuatan-website-landing-page-untuk-kampus,Rp 7.500.000 - 10.000.000,25
Menulis Artikel BERBAHASA INGGRIS Seputar HIBURAN,English| Writing| Blog| Copywriter| Content Writer,https://projects.co.id/public/browse_projects/view/21791b/menulis-artikel-berbahasa-inggris-seputar-hiburan,Rp 250.000 - 350.000,30
Membuat Press Release dan Company Profile,Copywriter,https://projects.co.id/public/browse_projects/view/1b791b/membuat-press-release-dan-company-profile,Rp 300.000 - 400.000,10
Melakukan Fixing Minor Bug dan Enhancement Flutter Application,Mobile Programming| Android| Android studio| Flutter,https://projects.co.id/public/browse_projects/view/15791b/melakukan-fixing-minor-bug-dan-enhancement-flutter-application,Rp 200.000 - 400.000,3
Butuh backlink dari media nasional,Search Engine Optimization (SEO),https://projects.co.id/public/browse_projects/view/12791b/butuh-backlink-dari-media-nasional,Rp 500.000 - 1.000.000,7
Install driver ibm db2 di mac os untuk aplikasi laravel,Software Installation| MacOS| MySQL| Mac OS Programming| PHP| Laravel Framework,https://projects.co.id/public/browse_projects/view/0c791b/install-driver-ibm-db2-di-mac-os-untuk-aplikasi-laravel,Rp 100.000 - 200.000,1
Pembuatan 300 Soal TIU HOTS SKD CPNS Part #01,Microsoft Word| Microsoft Excel| Matematika,https://projects.co.id/public/browse_projects/view/09791b/pembuatan-300-soal-tiu-hots-skd-cpns-part-01,Rp 900.000 - 1.200.000,25
Pembuatan 300 Soal TKP HOTS SKD CPNS Part #01,Microsoft Word| Microsoft Excel| Matematika,https://projects.co.id/public/browse_projects/view/06791b/pembuatan-300-soal-tkp-hots-skd-cpns-part-01,Rp 900.000 - 1.200.000,25
Pembuatan 300 Soal TWK Penalaran SKD CPNS Part #02,Microsoft Word| Microsoft Excel| Matematika,https://projects.co.id/public/browse_projects/view/03791b/pembuatan-300-soal-twk-penalaran-skd-cpns-part-02,Rp 900.000 - 1.200.000,25
Rework Logo dan pembuatan Brand Guideline,CorelDRAW| Logo Design| Adobe PhotoShop| Adobe Illustrator,https://projects.co.id/public/browse_projects/view/ee781b/rework-logo-dan-pembuatan-brand-guideline,Rp 750.000 - 1.500.000,30
Bot Telegram Sniper,Python| NodeJS,https://projects.co.id/public/browse_projects/view/eb781b/bot-telegram-sniper,Rp 3.000.000 - 3.000.000,7
CODEIGNITER 3.1.13 Buat CRUD 4 halaman untuk halaman input,CodeIgniter| API Gateway,https://projects.co.id/public/browse_projects/view/e5781b/codeigniter-3113-buat-crud-4-halaman-untuk-halaman-input,Rp 1.500.000 - 2.000.000,7
Dicari Akun Google Play Console Developer GODEV Live bekas berisi app,Google Cloud Developer,https://projects.co.id/public/browse_projects/view/d3781b/dicari-akun-google-play-console-developer-godev-live-bekas-berisi-app,Rp 1.300.000 - 1.500.000,1
CODEIGNITER 3.1.13 Buat CRUD 4 halaman untuk catalog master,CodeIgniter| API Gateway,https://projects.co.id/public/browse_projects/view/c1781b/codeigniter-3113-buat-crud-4-halaman-untuk-catalog-master,Rp 1.500.000 - 2.000.000,7
Pembuatan Situs Web untuk Iklan Afiliasi dengan Format Berita,JavaScript| PHP| Wordpress,https://projects.co.id/public/browse_projects/view/9a781b/pembuatan-situs-web-untuk-iklan-afiliasi-dengan-format-berita,Rp 2.500.000 - 3.000.000,7
Membutuhkan Backlink Berkualitas untuk Website,Website| Blog| Wordpress,https://projects.co.id/public/browse_projects/view/76781b/membutuhkan-backlink-berkualitas-untuk-website,Rp 1.000.000 - 1.500.000,7
Membuat Aplikasi Mobile dari Sistem Informasi yang sudah Berjalan,Android| Ionic Framework| ReactJS| Android studio| Flutter| React Native,https://projects.co.id/public/browse_projects/view/2b781b/membuat-aplikasi-mobile-dari-sistem-informasi-yang-sudah-berjalan,Rp 2.500.000 - 2.700.000,15
Menambah Fitur di CRM internal,PHP,https://projects.co.id/public/browse_projects/view/34781b/menambah-fitur-di-crm-internal,Rp 500.000 - 1.000.000,4
Content Writer Website Catering,Social Media Marketing (SMM)| Writing| Website| Website Building| Website Templates| Copywriter| Content Writer| Social Media,https://projects.co.id/public/browse_projects/view/c46c1b/content-writer-website-catering,Rp 225.000 - 450.000,30
Butuh Backlink berkualitas,Search Engine Optimization (SEO),https://projects.co.id/public/browse_projects/view/0a781b/butuh-backlink-berkualitas,Rp 1.000.000 - 5.000.000,30
Video Editor Tiktok Instagram,Video Editing| Video Production| Video Animation,https://projects.co.id/public/browse_projects/view/e3771b/video-editor-tiktok-instagram,Rp 225.000 - 400.000,5
Buatkan add on mitra bukalapak melalui jalur API,Java| C#| API Gateway,https://projects.co.id/public/browse_projects/view/ec771b/buatkan-add-on-mitra-bukalapak-melalui-jalur-api,Rp 500.000 - 700.000,30
Digipos api,Java| Assembly| API Gateway| Flutter,https://projects.co.id/public/browse_projects/view/e9771b/digipos-api,Rp 700.000 - 1.000.000,30
DICARI PENULIS SOAL PPPK (TEKNIS),Writing| Copywriter| Content Writer,https://projects.co.id/public/browse_projects/view/e6771b/dicari-penulis-soal-pppk-teknis,Rp 300.000 - 350.000,7
Membuat Desain dan Gambar Kerja Rumah,Design Arts| 3D Animation| 3D Architecture| AutoCAD| Interior Design| Exterior Design| Civil and Structure Design,https://projects.co.id/public/browse_projects/view/d4771b/membuat-desain-dan-gambar-kerja-rumah,Rp 1.000.000 - 1.000.000,7
Butuh frontend engineer untuk membuat landing page website portal pencarian kerja,Web Programming| Web Design,https://projects.co.id/public/browse_projects/view/8f771b/butuh-frontend-engineer-untuk-membuat-landing-page-website-portal-pencarian-kerja,Rp 6.000.000 - 10.000.000,7
Buuh surveyor untuk daerah Bandung,Business Analysis| Statistical Analysis| Analysis| Data Analysis,https://projects.co.id/public/browse_projects/view/b3771b/buuh-surveyor-untuk-daerah-bandung,Rp 750.000 - 1.500.000,7
Menulis Artikel Wisata + Posting Wordpress (One day one post),Writing| Content Writer,https://projects.co.id/public/browse_projects/view/bc771b/menulis-artikel-wisata-posting-wordpress-one-day-one-post,Rp 600.000 - 650.000,30
PLUGIN SHOPIFY & WOOCOMMERCE,Wordpress| WooCommerce,https://projects.co.id/public/browse_projects/view/a1771b/plugin-shopify-amp-woocommerce,Rp 700.000 - 1.500.000,7
Buuh surveyor untuk daerah Depok dan Bogor,Business Analysis| Statistical Analysis| Analysis| Data Analysis,https://projects.co.id/public/browse_projects/view/89771b/buuh-surveyor-untuk-daerah-depok-dan-bogor,Rp 500.000 - 1.500.000,7
Buuh surveyor untuk daerah Tangerang,Business Analysis| Statistical Analysis| Analysis| Data Analysis,https://projects.co.id/public/browse_projects/view/83771b/buuh-surveyor-untuk-daerah-tangerang,Rp 500.000 - 1.500.000,7
Buuh surveyor untuk daerah Bekasi,Business Analysis| Statistical Analysis| Analysis| Data Analysis,https://projects.co.id/public/browse_projects/view/80771b/buuh-surveyor-untuk-daerah-bekasi,Rp 500.000 - 1.500.000,7
pembuatan desain cetakan untuk acara lari marathon,CorelDRAW| Adobe Illustrator| Social Media,https://projects.co.id/public/browse_projects/view/56771b/pembuatan-desain-cetakan-untuk-acara-lari-marathon,Rp 600.000 - 1.000.000,3
Dicari penulis artikel untuk website pertukangan di KangPro,Blog| Wordpress| Content Writer,https://projects.co.id/public/browse_projects/view/32771b/dicari-penulis-artikel-untuk-website-pertukangan-di-kangpro,Rp 300.000 - 350.000,30
Aplikasi pemesanan hotel seperti reddiirz atau oyos,Mobile Programming| Android| Windows Mobile| Windows Phone| Website| Website Building| App Inventor,https://projects.co.id/public/browse_projects/view/1d771b/aplikasi-pemesanan-hotel-seperti-reddiirz-atau-oyos,Rp 7.500.000 - 15.000.000,90
buat API Curl PHP untuk ambil data dari web yang tidak menyediakan API,Web Research| Web Programming| Website| Web Design| Website Building| Website Templates| Web Scrapping| API Gateway,https://projects.co.id/public/browse_projects/view/0e771b/buat-api-curl-php-untuk-ambil-data-dari-web-yang-tidak-menyediakan-api,Rp 750.000 - 1.500.000,7
mengajarkan membuat dag airflow,Python,https://projects.co.id/public/browse_projects/view/38771b/mengajarkan-membuat-dag-airflow,Rp 200.000 - 350.000,7
Kami membutuhkan penulis buku anak tema agama Islam,Writing| Copywriter| Screenwriting| Content Writer| ebook,https://projects.co.id/public/browse_projects/view/02771b/kami-membutuhkan-penulis-buku-anak-tema-agama-islam,Rp 500.000 - 2.000.000,30
Pembuatan Module Integrasi Finger| HRM Payroll,Laravel Framework| Golang| VueJS| ERP,https://projects.co.id/public/browse_projects/view/5a761b/pembuatan-module-integrasi-finger-hrm-payroll,Rp 2.000.000 - 4.000.000,14
Beritahu 50 temanmu untuk cari jasa tukang di KangPro,Internet Marketing| Social Media Marketing (SMM)| Sales and Marketing| Telemarketing,https://projects.co.id/public/browse_projects/view/d5761b/beritahu-50-temanmu-untuk-cari-jasa-tukang-di-kangpro,Rp 200.000 - 300.000,7
Perbaikan URL pada Route React JS,ReactJS,https://projects.co.id/public/browse_projects/view/c9761b/perbaikan-url-pada-route-react-js,Rp 250.000 - 350.000,1
Butuh bantuan terkait setting OBS,Tutorial/Assistant,https://projects.co.id/public/browse_projects/view/b7761b/butuh-bantuan-terkait-setting-obs,Rp 200.000 - 300.000,30
Buatkan alat IoT Pemilahan Sampah Organik dan Non Organik,Arduino| C/C++| NodeJS,https://projects.co.id/public/browse_projects/view/ae761b/buatkan-alat-iot-pemilahan-sampah-organik-dan-non-organik,Rp 4.000.000 - 4.000.000,7
Carikan Kosan di Bali,Web Research,https://projects.co.id/public/browse_projects/view/8d761b/carikan-kosan-di-bali,Rp 150.000 - 250.000,7
Butuh bantuan untuk pemahaman integrasi data microsoft SQL SERVER dan Laravel WAJIB JAKARTA (ASAP),Laravel Framework| SQL Server,https://projects.co.id/public/browse_projects/view/81761b/butuh-bantuan-untuk-pemahaman-integrasi-data-microsoft-sql-server-dan-laravel-wajib-jakarta-asap,Rp 2.500.000 - 3.500.000,2
Mencari programmer untuk scrapper data,Python| PHP| Flask Python| Web Scrapping,https://projects.co.id/public/browse_projects/view/9f731b/mencari-programmer-untuk-scrapper-data,Rp 750.000 - 1.500.000,2
Setup Email / SMTP aplikasi codeigniter plus berikan video langkah2 nya,Web Programming| CodeIgniter,https://projects.co.id/public/browse_projects/view/6c761b/setup-email-smtp-aplikasi-codeigniter-plus-berikan-video-langkah2-nya,Rp 250.000 - 350.000,7
Buat Prototype Mobile App Sederhana,Mobile Programming| JavaScript| Flutter,https://projects.co.id/public/browse_projects/view/09761b/buat-prototype-mobile-app-sederhana,Rp 1.500.000 - 2.000.000,7
Website Penilaian E-Skor Silat,MySQL| PHP| Laravel Framework,https://projects.co.id/public/browse_projects/view/63761b/website-penilaian-e-skor-silat,Rp 2.000.000 - 3.000.000,7
Cari Partner Coding,MySQL| jQuery| PHP| CodeIgniter| Bootstrap| Laravel Framework,https://projects.co.id/public/browse_projects/view/48761b/cari-partner-coding,Rp 1.500.000 - 1.500.000,14
Dicari Aplikasi / Fitur Filter Telegram,Telegram,https://projects.co.id/public/browse_projects/view/18761b/dicari-aplikasi-fitur-filter-telegram,Rp 500.000 - 750.000,5
Dicari Akun Canva Kreator Element,Canva,https://projects.co.id/public/browse_projects/view/36761b/dicari-akun-canva-kreator-element,Rp 1.500.000 - 3.200.000,7
Dicari Akun GODEV (Google Play Console) Bekas,Google Cloud Developer| Google Cloud Engine| Google Workspace,https://projects.co.id/public/browse_projects/view/0c761b/dicari-akun-godev-google-play-console-bekas,Rp 1.500.000 - 2.500.000,7
Dicari Jasa Buat Backlink Manual,Affiliate Marketing| Search Engine Optimization (SEO),https://projects.co.id/public/browse_projects/view/82751b/dicari-jasa-buat-backlink-manual,Rp 500.000 - 1.000.000,7
cara fyp tiktok,Social Media Marketing (SMM)| Copywriter| Social Media,https://projects.co.id/public/browse_projects/view/ce711b/cara-fyp-tiktok,Rp 500.000 - 1.250.000,7
Butuh aplikasi untuk gudang jagung,Business Consultation| Analysis| ERP,https://projects.co.id/public/browse_projects/view/fd751b/butuh-aplikasi-untuk-gudang-jagung,Rp 1.000.000 - 1.500.000,3
Whatsapp centang / Whatsapp Verify,Blue Tick Whatapp,https://projects.co.id/public/browse_projects/view/9b741b/whatsapp-centang-whatsapp-verify,Rp 1.000.000 - 2.000.000,8
Dicari Akun Canva Kreator Element yang tidak terawat| kosongan atau sudah isi Element.,Canva,https://projects.co.id/public/browse_projects/view/be751b/dicari-akun-canva-kreator-element-yang-tidak-terawat-kosongan-atau-sudah-isi-element,Rp 2.000.000 - 4.000.000,7
Dicari Whatsapp Verif / Centang Hijau,Blue Tick Whatapp,https://projects.co.id/public/browse_projects/view/9e741b/dicari-whatsapp-verif-centang-hijau,Rp 1.000.000 - 2.000.000,7
tracking device penyewa motor,Android| Windows Mobile| Android studio| Flutter,https://projects.co.id/public/browse_projects/view/8b751b/tracking-device-penyewa-motor,Rp 1.500.000 - 3.000.000,7
redisgn aplikasi android,Flutter,https://projects.co.id/public/browse_projects/view/94751b/redisgn-aplikasi-android,Rp 1.000.000 - 2.000.000,14
Perlu Team Developer Untuk Membuat Aplikasi Perumahan (Web| Android| IOS),MySQL| Android| iPhone/iOS| PHP| CodeIgniter| Laravel Framework| ReactJS| React Native,https://projects.co.id/public/browse_projects/view/40751b/perlu-team-developer-untuk-membuat-aplikasi-perumahan-web-android-ios,Rp 20.000.000 - 25.000.000,45
Jasa Pembuatan WA Centang Hijau,Social Media Marketing (SMM)| Blue Tick Whatapp| Social Media,https://projects.co.id/public/browse_projects/view/3d751b/jasa-pembuatan-wa-centang-hijau,Rp 2.000.000 - 3.000.000,3
Dicari FANPAGE FB dengan follower banyak dan sehat,Facebook,https://projects.co.id/public/browse_projects/view/34751b/dicari-fanpage-fb-dengan-follower-banyak-dan-sehat,Rp 300.000 - 700.000,7
Pembuatan maskot 2d Company sepaket 20-30 maskot dengan berbagai Aksi,Advertising| Design Arts| Graphic Design| Illustration| Adobe Illustrator| 3D Animation| VisualBasic| Instagram| Grafis Vektor,https://projects.co.id/public/browse_projects/view/25751b/pembuatan-maskot-2d-company-sepaket-20-30-maskot-dengan-berbagai-aksi,Rp 2.000.000 - 3.000.000,30
Dicari !! Jasa Pembuatan Akun WhatsApp Official Business ( Centang Hijau S&K ),Customer Service| Telemarketing,https://projects.co.id/public/browse_projects/view/1f751b/dicari-jasa-pembuatan-akun-whatsapp-official-business-centang-hijau-sampk-,Rp 1.500.000 - 3.500.000,10
MEMBUAT TOKOPEDIA MENJADI OFFICIAL STORE,.NET Compact Framework| Administration,https://projects.co.id/public/browse_projects/view/19751b/membuat-tokopedia-menjadi-official-store,Rp 150.000 - 200.000,7
UI Web Base (HTML| CSS| Javascript) untuk Website Product,Web Design| Website Building| Website Templates,https://projects.co.id/public/browse_projects/view/16751b/ui-web-base-html-css-javascript-untuk-website-product,Rp 1.000.000 - 4.000.000,7
Pembuatan Copywriting company profile,Copywriter,https://projects.co.id/public/browse_projects/view/07751b/pembuatan-copywriting-company-profile,Rp 200.000 - 300.000,3
Video Editor Untuk Konten TIktok,Video Editing| Video Animation,https://projects.co.id/public/browse_projects/view/f0731b/video-editor-untuk-konten-tiktok,Rp 150.000 - 400.000,7
Dicari Pembuatan WA Verif / Jual WA Verif,Customer Service| Phone Support| Support Service| Technical Support| Social Media Marketing (SMM)| Blue Tick Whatapp| Social Media,https://projects.co.id/public/browse_projects/view/04751b/dicari-pembuatan-wa-verif-jual-wa-verif,Rp 3.000.000 - 5.000.000,7
Dicari Pembuatan WA Verif / Jual WA Verif,Customer Service| Support Service| Social Media Marketing (SMM)| Social Media,https://projects.co.id/public/browse_projects/view/f8741b/dicari-pembuatan-wa-verif-jual-wa-verif,Rp 3.000.000 - 5.000.000,7
Fullstack PHP Laravel| InertiaJS| dan ReactJS (1 bulan),PHP| Laravel Framework| ReactJS,https://projects.co.id/public/browse_projects/view/f5741b/fullstack-php-laravel-inertiajs-dan-reactjs-1-bulan,Rp 5.000.000 - 10.000.000,30
Pembuatan template excel data epidemiologi,Data Entry| Microsoft Excel| Data Analysis| Data Science,https://projects.co.id/public/browse_projects/view/83741b/pembuatan-template-excel-data-epidemiologi,Rp 150.000 - 325.000,7
Pembuatan Aplikasi Android Web View,Android| Andromo| App Inventor,https://projects.co.id/public/browse_projects/view/da741b/pembuatan-aplikasi-android-web-view,Rp 800.000 - 1.000.000,5
Membantu Pengerjaan Backlink,Search Engine Optimization (SEO),https://projects.co.id/public/browse_projects/view/a4741b/membantu-pengerjaan-backlink,Rp 500.000 - 1.000.000,3
butuh python developer| selenium,Python| MySQL,https://projects.co.id/public/browse_projects/view/89741b/butuh-python-developer-selenium,Rp 500.000 - 1.000.000,30
PLUGIN SHOPIFY & WOOCOMMERCE,Website| Website Building,https://projects.co.id/public/browse_projects/view/74741b/plugin-shopify-amp-woocommerce,Rp 750.000 - 1.500.000,10
Jasa Undang atau Invite Kontak ke Grup Tele,Social Media Marketing (SMM)| Python| PHP| Social Media,https://projects.co.id/public/browse_projects/view/5f741b/jasa-undang-atau-invite-kontak-ke-grup-tele,Rp 300.000 - 500.000,3
setup ads untuk klinik dan obat herbal,Internet Marketing| Pay-per-Action Marketing (PPA)| Pay-per-Click Marketing (PPC)| Social Media Marketing (SMM)| Google Adsense,https://projects.co.id/public/browse_projects/view/61721b/setup-ads-untuk-klinik-dan-obat-herbal,Rp 250.000 - 300.000,3
Create Video Slide Tiktok niche Saham|,Social Media Marketing (SMM)| Video Editing| Video Production| Content Writer| Video Animation| Social Media,https://projects.co.id/public/browse_projects/view/296b1b/create-video-slide-tiktok-niche-saham,Rp 300.000 - 500.000,3
MENULIS ARTIKEL Seputar Tes CPNS,Writing| Blog| Copywriter| Content Writer,https://projects.co.id/public/browse_projects/view/5c741b/menulis-artikel-seputar-tes-cpns,Rp 50.000 - 75.000,1
Penggunaan keycloak aplikasi flutter,Mobile Programming| Flutter,https://projects.co.id/public/browse_projects/view/11741b/penggunaan-keycloak-aplikasi-flutter,Rp 900.000 - 1.200.000,7
Live Stream & Konten Kreator Part Time (Surabaya & Sidoarjo),Affiliate Marketing| Video Editing| Video Production| Social Media,https://projects.co.id/public/browse_projects/view/2f741b/live-stream-amp-konten-kreator-part-time-surabaya-amp-sidoarjo,Rp 1.000.000 - 1.500.000,7
Terjemahkan profile ke Chinese Simplified dan Traditional,Business Document Translation| Translation,https://projects.co.id/public/browse_projects/view/fc731b/terjemahkan-profile-ke-chinese-simplified-dan-traditional,Rp 300.000 - 400.000,2
Dicari Fulltime Full Stack Developer (Node| Go| Laravel| Vue| React),Laravel Framework| NodeJS| ReactJS| Golang| VueJS,https://projects.co.id/public/browse_projects/view/c0731b/dicari-fulltime-full-stack-developer-node-go-laravel-vue-react,Rp 3.000.000 - 7.000.000,30
Mencari akun apple store developer kembali,iPhone/iOS| Flutter,https://projects.co.id/public/browse_projects/view/9c731b/mencari-akun-apple-store-developer-kembali,Rp 1.500.000 - 3.000.000,5
Bantu setup Youtube Ads sampai beres| sudah memenuhi syarat YT,Google Adsense| Youtube,https://projects.co.id/public/browse_projects/view/b2721b/bantu-setup-youtube-ads-sampai-beres-sudah-memenuhi-syarat-yt,Rp 250.000 - 350.000,30
Membuat Export PDF| EXCEL| Print dari halaman html + boostrap 5 dengan library PHP yang support dengan CI 4,PHP| Microsoft Excel| HTML| Bootstrap,https://projects.co.id/public/browse_projects/view/6c731b/membuat-export-pdf-excel-print-dari-halaman-html-boostrap-5-dengan-library-php-yang-support-dengan-ci-4,Rp 200.000 - 350.000,7
Jasa Invite Orang Ke Telegram,Telegram,https://projects.co.id/public/browse_projects/view/54731b/jasa-invite-orang-ke-telegram,Rp 700.000 - 1.500.000,5
jasa invite member ke telegram,Telegram,https://projects.co.id/public/browse_projects/view/51731b/jasa-invite-member-ke-telegram,Rp 700.000 - 1.200.000,5
Pembuatan Sistem Informsi untuk Kantor,MySQL| jQuery| PHP,https://projects.co.id/public/browse_projects/view/d9721b/pembuatan-sistem-informsi-untuk-kantor,Rp 2.500.000 - 3.000.000,30
Pembuatan mockup video untuk vector SVG (shadow box),Animation| CorelDRAW| Adobe Illustrator| 3D Animation| 3D Modelling| JavaScript| CSS Templates| CSS| Video Animation,https://projects.co.id/public/browse_projects/view/8a701b/pembuatan-mockup-video-untuk-vector-svg-shadow-box,Rp 500.000 - 1.000.000,7
Butuh bantuan terkait API DeepL,Tutorial/Assistant,https://projects.co.id/public/browse_projects/view/0c731b/butuh-bantuan-terkait-api-deepl,Rp 500.000 - 1.000.000,30
Bantu tingkatkan keamanan web,Linux| Linux Programming| Web Programming| PHP| C/C++| Website| Blog| Bootstrap| Network Security| Web Scrapping,https://projects.co.id/public/browse_projects/view/e9711b/bantu-tingkatkan-keamanan-web,Rp 750.000 - 1.000.000,7
Maintenance Scrapper menggunakan NodeJS,JavaScript| NodeJS,https://projects.co.id/public/browse_projects/view/df721b/maintenance-scrapper-menggunakan-nodejs,Rp 500.000 - 1.000.000,7
Menulis artikel boleh rewrite,Writing| Content Writer,https://projects.co.id/public/browse_projects/view/5c6e1b/menulis-artikel-boleh-rewrite,Rp 100.001 - 200.000,14
Jasa Approve Google Adsense Untuk Website,Search Engine Optimization (SEO)| Advertising| Website| Wordpress| Networking| Google Adsense| Google Adwords| Google Admob,https://projects.co.id/public/browse_projects/view/88721b/jasa-approve-google-adsense-untuk-website,Rp 500.000 - 1.000.000,7
Projek Design Konten Sosial Media,Graphic Design| Adobe PhotoShop| Adobe Illustrator| Social Media,https://projects.co.id/public/browse_projects/view/d0721b/projek-design-konten-sosial-media,Rp 800.000 - 1.000.000,30
Di cari pembuat fitur level express game HDI,Game Programming,https://projects.co.id/public/browse_projects/view/97721b/di-cari-pembuat-fitur-level-express-game-hdi,Rp 1.000.000 - 1.500.000,7
Membuat script sederhana untuk blast wa,Java| JavaScript| PHP,https://projects.co.id/public/browse_projects/view/a6721b/membuat-script-sederhana-untuk-blast-wa,Rp 750.000 - 1.000.000,7
Membuat landing page seperti contoh,Web Programming| Website| Web Design| Website Building| Website Templates,https://projects.co.id/public/browse_projects/view/5b721b/membuat-landing-page-seperti-contoh,Rp 500.000 - 1.000.000,7
Buat D3D menu untuk game online,C/C++,https://projects.co.id/public/browse_projects/view/40721b/buat-d3d-menu-untuk-game-online,Rp 350.000 - 450.000,7
Butuh programer codeigniter fulltime (WFA),MySQL| jQuery| PHP| CodeIgniter,https://projects.co.id/public/browse_projects/view/6a721b/butuh-programer-codeigniter-fulltime-wfa,Rp 4.000.000 - 4.500.000,7
Jasa pembuatan Model Vtuber Chibi Commission Live2D,Adobe PhotoShop| Adobe Illustrator| 3D Animation,https://projects.co.id/public/browse_projects/view/6d721b/jasa-pembuatan-model-vtuber-chibi-commission-live2d,Rp 1.000.000 - 2.000.000,30
Pembuatan Landing Page menggunakan ReactJS,Web Programming| JavaScript| Website| ReactJS,https://projects.co.id/public/browse_projects/view/34721b/pembuatan-landing-page-menggunakan-reactjs,Rp 500.000 - 1.000.000,3
Dibutuhkan Bug Hunter & Video User Guide,Web Research| Video Editing| Web Programming| Website| Content Management System (CMS)| Website Building,https://projects.co.id/public/browse_projects/view/04691b/dibutuhkan-bug-hunter-amp-video-user-guide,Rp 500.000 - 1.000.000,7
Migrasi dashboard,MySQL,https://projects.co.id/public/browse_projects/view/2e721b/migrasi-dashboard,Rp 250.000 - 300.000,3
Freelance Full Stack Developer Node.js Vue.js,.NET Framework| NodeJS| Dev Manager| API Gateway| VueJS,https://projects.co.id/public/browse_projects/view/43721b/freelance-full-stack-developer-nodejs-vuejs,Rp 7.000.000 - 8.000.000,40
Pembuat Konten Tiktok / Reel,Social Media Marketing (SMM)| Video Editing| Instagram,https://projects.co.id/public/browse_projects/view/31721b/pembuat-konten-tiktok-reel,Rp 3.000.000 - 6.000.000,30
Menambahkan Fitur Wordpress,Data Entry| Database Programming| Wordpress,https://projects.co.id/public/browse_projects/view/2b721b/menambahkan-fitur-wordpress,Rp 750.000 - 1.000.000,7
Social Media Assistant,Social Media Marketing (SMM)| Copywriter| Instagram,https://projects.co.id/public/browse_projects/view/28721b/social-media-assistant,Rp 1.000.000 - 1.500.000,30
Penambahan fitur Pivot Table pada Survey,MySQL| JavaScript| PHP| CodeIgniter,https://projects.co.id/public/browse_projects/view/1c721b/penambahan-fitur-pivot-table-pada-survey,Rp 500.000 - 800.000,5
Host Live Streamer,Advertising| 3D Modelling| Website| Administration| Blog| Kdenlive| Telegram| Blue Tick Instagram| Blue Tick Facebook| Blue Tick Twitter,https://projects.co.id/public/browse_projects/view/19721b/host-live-streamer,Rp 3.000.000 - 5.000.000,7
Tool JavaScript automator,JavaScript,https://projects.co.id/public/browse_projects/view/13721b/tool-javascript-automator,Rp 500.000 - 1.000.000,7
Solved bug/update fitur,JavaScript,https://projects.co.id/public/browse_projects/view/10721b/solved-bugupdate-fitur,Rp 500.000 - 1.000.000,3
Pembuatan Plugin Integrasi Woocommerce dengan Tokopedia,PHP| Wordpress| API Gateway,https://projects.co.id/public/browse_projects/view/0d721b/pembuatan-plugin-integrasi-woocommerce-dengan-tokopedia,Rp 1.000.000 - 1.500.000,7
Mencari orang yang mengerti Script Game android,Android| PHP,https://projects.co.id/public/browse_projects/view/bf711b/mencari-orang-yang-mengerti-script-game-android,Rp 500.000 - 750.000,7
Shoot video dan Editing,Video Editing| Video Production| Video Animation,https://projects.co.id/public/browse_projects/view/f7691b/shoot-video-dan-editing,Rp 1.000.000 - 1.500.000,7
Web App Nodejs for full stack web developers,Web Programming| JavaScript| HTML| NodeJS,https://projects.co.id/public/browse_projects/view/ba701b/web-app-nodejs-for-full-stack-web-developers,Rp 15.000.000 - 20.000.000,30
cari programer yang sudah program kasir berbasis web,MySQL| Java| JavaScript| PHP,https://projects.co.id/public/browse_projects/view/316c1b/cari-programer-yang-sudah-program-kasir-berbasis-web,Rp 4.000.000 - 7.000.000,7
Butuh bantuan terkait eksplorasi API Xendit,PHP| Tutorial/Assistant| API Gateway,https://projects.co.id/public/browse_projects/view/83711b/butuh-bantuan-terkait-eksplorasi-api-xendit,Rp 500.000 - 1.000.000,30
Jasa Membuat Whatsapp Verified ( Centang Hijau),Blue Tick Whatapp,https://projects.co.id/public/browse_projects/view/5f711b/jasa-membuat-whatsapp-verified-centang-hijau,Rp 1.500.000 - 3.000.000,7
Content Writter Membuat Konten Storytelling Seputar Sosial Media Marketing| Konten Marketing dan Digital marketing,Social Media Marketing (SMM)| Copywriter| Content Writer,https://projects.co.id/public/browse_projects/view/23711b/content-writter-membuat-konten-storytelling-seputar-sosial-media-marketing-konten-marketing-dan-digital-marketing,Rp 350.000 - 450.000,7
mencari programer laravel react,Laravel Framework| ReactJS| React Native,https://projects.co.id/public/browse_projects/view/ff701b/mencari-programer-laravel-react,Rp 1.500.000 - 2.500.000,7
membuat template form excel,Microsoft Excel,https://projects.co.id/public/browse_projects/view/32711b/membuat-template-form-excel,Rp 1.000.000 - 1.500.000,7
Pembuatan Website Klasifikasi Kecanduan Gawai Terhadap Mahasiswa Menggunakan Sas-Sv Dengan Metode Algoritma K-Nearest Neighbor,Python| MySQL| CodeIgniter| HTML| CSS| Flask Python| Laravel Framework| Data Science,https://projects.co.id/public/browse_projects/view/b7701b/pembuatan-website-klasifikasi-kecanduan-gawai-terhadap-mahasiswa-menggunakan-sas-sv-dengan-metode-algoritma-k-nearestneighbor,Rp 1.500.000 - 2.000.000,30
Cari worker yang bisa membuat script tambahan pada game,PHP,https://projects.co.id/public/browse_projects/view/2c711b/cari-worker-yang-bisa-membuat-script-tambahan-pada-game,Rp 250.000 - 350.000,7
Tenaga Riset,Data Entry| Business Analysis| Market Research| Analysis| Civil and Structure Analysis| Data Analysis,https://projects.co.id/public/browse_projects/view/29711b/tenaga-riset,Rp 600.000 - 1.500.000,7
AKUN TIKTOK MONETISASI,Programming| Social Media,https://projects.co.id/public/browse_projects/view/9f701b/akun-tiktok-monetisasi,Rp 500.000 - 500.000,7
Landing revisi PHP,PHP,https://projects.co.id/public/browse_projects/view/42701b/landing-revisi-php,Rp 250.000 - 350.000,2
Senior BackEnd Developer,Java Spring MVC| JSON| API Gateway| Kotlin,https://projects.co.id/public/browse_projects/view/f6701b/senior-backend-developer,Rp 8.000.000 - 12.000.000,7
Tolong bantu pembuatan akun Stripe sampai full verified,Social Media Marketing (SMM)| Social Media,https://projects.co.id/public/browse_projects/view/f0701b/tolong-bantu-pembuatan-akun-stripe-sampai-full-verified,Rp 200.000 - 250.000,3
Slicing Laravel Livewire,JavaScript| PHP| CSS Templates| HTML| CSS| Laravel Framework,https://projects.co.id/public/browse_projects/view/99701b/slicing-laravel-livewire,Rp 500.000 - 1.000.000,7
Jasa Update / Fix Bugs aplikasi Dialer WhatsApp,JavaScript| Android studio,https://projects.co.id/public/browse_projects/view/7c6f1b/jasa-update-fix-bugs-aplikasi-dialer-whatsapp,Rp 1.000.000 - 1.500.000,7
Pengembangan Fitur,PHP| Laravel Framework,https://projects.co.id/public/browse_projects/view/ab701b/pengembangan-fitur,Rp 1.000.000 - 2.000.000,30
Butuh Aplikasi/ Extension Instagram Analytics,Instagram,https://projects.co.id/public/browse_projects/view/72701b/butuh-aplikasi-extension-instagram-analytics,Rp 300.000 - 500.000,7
Perbaikan website dan penambahan beberapa fitur,Laravel Framework,https://projects.co.id/public/browse_projects/view/b1701b/perbaikan-website-dan-penambahan-beberapa-fitur,Rp 1.000.000 - 4.000.000,20
Dibutuhkan Web Company Profile + CMS,MySQL| PHP| CSS,https://projects.co.id/public/browse_projects/view/a8701b/dibutuhkan-web-company-profile-cms,Rp 1.000.000 - 3.000.000,31
Host live full body green screen,Internet Marketing| Administration,https://projects.co.id/public/browse_projects/view/866e1b/host-live-full-body-green-screen,Rp 300.000 - 600.000,7
Dicari Jasa Invite Member ke Group Telegram,Social Media Marketing (SMM)| Social Media,https://projects.co.id/public/browse_projects/view/69701b/dicari-jasa-invite-member-ke-group-telegram,Rp 1.000.000 - 1.500.000,7
Jasa Invite Member ke Telegram,Telegram,https://projects.co.id/public/browse_projects/view/66701b/jasa-invite-member-ke-telegram,Rp 700.000 - 1.500.000,5
edit vidio,Video Editing,https://projects.co.id/public/browse_projects/view/5d701b/edit-vidio,Rp 1.000.000 - 2.000.000,7
Cari Yang Bisa Verify Google Drive API,API Gateway,https://projects.co.id/public/browse_projects/view/2a701b/cari-yang-bisa-verify-google-drive-api,Rp 250.000 - 500.000,7
Dibutuhkan programer laravel react,Laravel Framework| ReactJS,https://projects.co.id/public/browse_projects/view/8f6b1b/dibutuhkan-programer-laravel-react,Rp 1.500.000 - 2.000.000,7
Konten / Copywrite untuk Reels / Carousel Saham| Investasi| Finance,Social Media Marketing (SMM)| Copywriter| Instagram| Content Writer| Social Media,https://projects.co.id/public/browse_projects/view/54701b/konten-copywrite-untuk-reels-carousel-saham-investasi-finance,Rp 500.000 - 1.000.000,7
Butuh social media spesialis,Social Media Marketing (SMM)| Video Editing| Adobe Premiere| Adobe Acrobat| Video Animation| Social Media,https://projects.co.id/public/browse_projects/view/24701b/butuh-social-media-spesialis,Rp 450.000 - 600.000,7
Buatkan website percetakan,CodeIgniter| Website| Wordpress| Website Building| Wordpress Templates,https://projects.co.id/public/browse_projects/view/f76f1b/buatkan-website-percetakan,Rp 1.500.000 - 3.000.000,7
Cari yang Jago Spreadsheet + Looker Studio,Programming,https://projects.co.id/public/browse_projects/view/1e701b/cari-yang-jago-spreadsheet-looker-studio,Rp 500.000 - 1.000.000,10
mengintegrasikan API SNAP BI untuk transfer intra bank dan virtual account,PHP| CodeIgniter,https://projects.co.id/public/browse_projects/view/92021b/mengintegrasikan-api-snap-bi-untuk-transfer-intra-bank-dan-virtual-account,Rp 750.000 - 1.000.000,3
Dibutuhkan Penerjemah Bahasa Mandarin ke Indonesia,Translation,https://projects.co.id/public/browse_projects/view/ab6d1b/dibutuhkan-penerjemah-bahasa-mandarin-ke-indonesia,Rp 1.000.000 - 2.000.000,14
Generated AI images,Design Arts| Artificial Intelligence,https://projects.co.id/public/browse_projects/view/15701b/generated-ai-images,Rp 100.000 - 150.000,2
Web Mikrotik,JavaScript| PHP| Mikrotik| Laravel Framework| API Gateway,https://projects.co.id/public/browse_projects/view/d06f1b/web-mikrotik,Rp 1.500.000 - 3.000.000,30
Menulis 3 Artikel Bahasa Indonesia dengan Topik : Protokol HTTP| Status Code| dll.,Search Engine Optimization (SEO)| Writing| Website| Blog| Content Writer,https://projects.co.id/public/browse_projects/view/e86f1b/menulis-3-artikel-bahasa-indonesia-dengan-topik-protokol-http-status-code-dll,Rp 96.000 - 192.000,6
Mencari akun apple store developer yang sudah jadi dan ada,Mobile Programming| iPhone/iOS| Swift| Flutter| React Native,https://projects.co.id/public/browse_projects/view/d96f1b/mencari-akun-apple-store-developer-yang-sudah-jadi-dan-ada,Rp 1.000.000 - 2.400.000,3
Di cari Jasa Pembuatan Website AMP HTML,Web Research| Search Engine Optimization (SEO)| Web Programming| Website| Web Design| Website Building,https://projects.co.id/public/browse_projects/view/d66f1b/di-cari-jasa-pembuatan-website-amp-html,Rp 1.500.000 - 3.000.000,7
Mengembalikan Akun Gmail yang Dihack,Email Support| Email Handling| Embedded Linux,https://projects.co.id/public/browse_projects/view/196f1b/mengembalikan-akun-gmail-yang-dihack,Rp 150.000 - 300.000,4
Create/Jual Akun WA Badge Verif Centang Hijau Jual Putus/Sewa,Administrative Support| Customer Service,https://projects.co.id/public/browse_projects/view/c76f1b/createjual-akun-wa-badge-verif-centang-hijau-jual-putussewa,Rp 1.000.000 - 5.000.000,7
Cari jasa pembuatan akun ios developer,MacOS| Mac OS Programming| iPhone/iOS| Flutter| React Native,https://projects.co.id/public/browse_projects/view/bb6f1b/cari-jasa-pembuatan-akun-ios-developer,Rp 1.500.000 - 1.850.000,4
pembuatan ecommerce tour and activity,MySQL| PHP| CodeIgniter| CPanel,https://projects.co.id/public/browse_projects/view/b86f1b/pembuatan-ecommerce-tour-and-activity,Rp 3.500.000 - 5.000.000,20
Setting Plugin Wordpress,Wordpress,https://projects.co.id/public/browse_projects/view/886f1b/setting-plugin-wordpress,Rp 350.000 - 500.000,1
Ekport PDF to Excel,.NET/Mono| Python| .NET Micro Framework| .NET Compact Framework| .NET Framework| C#| C/C++| VB.Net| Adobe Acrobat,https://projects.co.id/public/browse_projects/view/036d1b/ekport-pdf-to-excel,Rp 500.000 - 800.000,7
Butuh testing fitur pengambilan reward dana pada game android,Business Analysis| Business Service| Homework| Game Programming| Android| Unity 3D| Data Analysis| Data Mining| Youtube| Quesioner,https://projects.co.id/public/browse_projects/view/826f1b/butuh-testing-fitur-pengambilan-reward-dana-pada-game-android,Rp 2.500.000 - 4.000.000,21
Junior Flutter Developer Untuk Aplikasi Kesehatan,Android| iPhone/iOS| Flutter,https://projects.co.id/public/browse_projects/view/746e1b/junior-flutter-developer-untuk-aplikasi-kesehatan,Rp 5.000.000 - 10.000.000,30
Dicari Pembuatan WA Verif / Sewa,Customer Service| Support Service| Social Media Marketing (SMM)| Social Media,https://projects.co.id/public/browse_projects/view/106f1b/dicari-pembuatan-wa-verif-sewa,Rp 3.000.000 - 5.000.000,7
Penulis Rangkuman Film,Writing| Microsoft Word| Copywriter| Content Writer,https://projects.co.id/public/browse_projects/view/df6c1b/penulis-rangkuman-film,Rp 75.000 - 120.000,7
PHP- Handling Multiple Kasir,MySQL| PHP,https://projects.co.id/public/browse_projects/view/cb6e1b/php-handling-multiple-kasir,Rp 500.000 - 700.000,3
Pengembangan Aplikasi Verifikasi Dokumen Eksport-Import dengan Teknologi OCR,NodeJS| Golang| Phyton,https://projects.co.id/public/browse_projects/view/fe6e1b/pengembangan-aplikasi-verifikasi-dokumen-eksport-import-dengan-teknologi-ocr,Rp 5.000.000 - 8.000.000,14
Buat Pattern Gambar Pakai Ai ( midjourney dkk),Design Arts| Graphic Design| Artificial Intelligence,https://projects.co.id/public/browse_projects/view/596e1b/buat-pattern-gambar-pakai-ai-midjourney-dkk,Rp 120.000 - 150.000,7
Cari programmer Flutter untuk memperbaiki aplikasi iOS,iPhone/iOS| Flutter,https://projects.co.id/public/browse_projects/view/e36e1b/cari-programmer-flutter-untuk-memperbaiki-aplikasi-ios,Rp 1.800.000 - 2.500.000,14
Desgin Logo,Adobe Illustrator,https://projects.co.id/public/browse_projects/view/da6e1b/desgin-logo,Rp 3.000.000 - 4.500.000,30
Redesign Website,Website Building,https://projects.co.id/public/browse_projects/view/d46e1b/redesign-website,Rp 1.000.000 - 1.500.000,30
BOT VIEWRS SHOPEE LIVE MINIMAL 1RB viewrs,Software Installation| E-Commerce,https://projects.co.id/public/browse_projects/view/d16e1b/bot-viewrs-shopee-live-minimal-1rb-viewrs,Rp 2.000.000 - 4.000.000,7
RESET PASSWORD ICLOUD,Python| .NET Micro Framework| .NET Compact Framework| .NET Framework,https://projects.co.id/public/browse_projects/view/bc6e1b/reset-password-icloud,Rp 200.000 - 250.000,1
Pembuatan Whatsapp Verified / Sewa,Telemarketing,https://projects.co.id/public/browse_projects/view/8f6e1b/pembuatan-whatsapp-verified-sewa,Rp 1.000.000 - 3.000.000,5
buat web jasa cek turnitin otomatis,Web Programming| Website,https://projects.co.id/public/browse_projects/view/176e1b/buat-web-jasa-cek-turnitin-otomatis,Rp 750.000 - 1.000.000,7
Re-desain / Buatkan Website Promosi Hompage Game Android,Adobe Illustrator| Web Programming| Website| Wordpress| Web Design| Website Templates| Wordpress Templates| HTML| Bootstrap,https://projects.co.id/public/browse_projects/view/026e1b/re-desain-buatkan-website-promosi-hompage-game-android,Rp 750.000 - 1.000.000,7
Buatkan video untuk reels / tiktok tentang Game Android,Video Editing| Adobe After Effects| Adobe Premiere,https://projects.co.id/public/browse_projects/view/ff6d1b/buatkan-video-untuk-reels-tiktok-tentang-game-android,Rp 200.000 - 250.000,7
Buatkan Video Promosi tentang Game Android (petualangan),Multimedia| Video Editing| Adobe After Effects| Youtube| Video Animation,https://projects.co.id/public/browse_projects/view/fc6d1b/buatkan-video-promosi-tentang-game-android-petualangan,Rp 500.000 - 1.000.000,7
Re-desain / Buat Logo aplikasi Game,CorelDRAW| Logo Design| Adobe PhotoShop| Adobe Illustrator| Adobe Indesign,https://projects.co.id/public/browse_projects/view/f66d1b/re-desain-buat-logo-aplikasi-game,Rp 250.000 - 500.000,7
Pembuatan Web Dristibutor System Management,MySQL| Web Programming| PHP| CodeIgniter| Website| Website Building,https://projects.co.id/public/browse_projects/view/e46d1b/pembuatan-web-dristibutor-system-management,Rp 7.500.000 - 10.000.000,30
Mengajarkan query fdw| dblink| crosstab| materialized view sql,PostgreSQL,https://projects.co.id/public/browse_projects/view/bd6d1b/mengajarkan-query-fdw-dblink-crosstab-materialized-view-sql,Rp 250.000 - 350.000,7
Pembuatan 3D Modeling Skylift 2 Type,3D Animation| 3D Modelling,https://projects.co.id/public/browse_projects/view/a86d1b/pembuatan-3d-modeling-skylift-2-type,Rp 1.000.000 - 1.500.000,7
Buat Website gunakan wordpress,Wordpress,https://projects.co.id/public/browse_projects/view/a26d1b/buat-website-gunakan-wordpress,Rp 500.000 - 1.500.000,7
Perlu bantuan Uplaod ke playsote dan Apple store,React Native,https://projects.co.id/public/browse_projects/view/9c6d1b/perlu-bantuan-uplaod-ke-playsote-dan-apple-store,Rp 200.000 - 300.000,7
Di Butuhkan Jasa SEO Website Untuk Kata Kunci Rental Mobil Bandung,Search Engine Optimization (SEO)| Wordpress| Website Building,https://projects.co.id/public/browse_projects/view/966d1b/di-butuhkan-jasa-seo-website-untuk-kata-kunci-rental-mobil-bandung,Rp 4.000.000 - 10.000.000,7
BUTUH PEMBUATAN FEASIBILITY STUDY,Business Analysis| Business Proposals| Business Plans,https://projects.co.id/public/browse_projects/view/7e6d1b/butuh-pembuatan-feasibility-study,Rp 1.000.000 - 2.000.000,7
Buatkan multi login user | beda user beda menu laravel 8,Laravel Framework,https://projects.co.id/public/browse_projects/view/636d1b/buatkan-multi-login-user-beda-user-beda-menu-laravel-8,Rp 500.000 - 700.000,4
butuh aplikasi penjualan sampah,Java Native| Flutter,https://projects.co.id/public/browse_projects/view/5d6d1b/butuh-aplikasi-penjualan-sampah,Rp 2.000.000 - 4.000.000,14
Membuat meta whatsapp dari fanspage,Social Media Marketing (SMM)| Facebook| Social Media,https://projects.co.id/public/browse_projects/view/986b1b/membuat-meta-whatsapp-dari-fanspage,Rp 250.000 - 300.000,7
Scripts Cek MUTASI APK DANA,jQuery| PHP| MS SQL,https://projects.co.id/public/browse_projects/view/1e6d1b/scripts-cek-mutasi-apk-dana,Rp 5.000.000 - 10.000.000,7
Memunculkan website di pencarian google tanpa iklan berbayar,Website| Website Building,https://projects.co.id/public/browse_projects/view/186d1b/memunculkan-website-di-pencarian-google-tanpa-iklan-berbayar,Rp 250.000 - 500.000,7
Membuat automotion pembalasan chat menggunakan puppeteer NodeJS,NodeJS,https://projects.co.id/public/browse_projects/view/f46c1b/membuat-automotion-pembalasan-chat-menggunakan-puppeteer-nodejs,Rp 500.000 - 1.500.000,7
Butuh surveyor untuk wilayah Bandung,Business Analysis| Cashflow Analysis| Statistical Analysis| Analysis,https://projects.co.id/public/browse_projects/view/d66c1b/butuh-surveyor-untuk-wilayah-bandung,Rp 500.000 - 2.000.000,7
Butuh surveyor untuk wilayah Bogor,Business Analysis| Cashflow Analysis| Statistical Analysis| Analysis,https://projects.co.id/public/browse_projects/view/d36c1b/butuh-surveyor-untuk-wilayah-bogor,Rp 500.000 - 2.000.000,7
Butuh surveyor untuk wilayah Depok,Business Analysis| Cashflow Analysis| Statistical Analysis| Analysis,https://projects.co.id/public/browse_projects/view/d06c1b/butuh-surveyor-untuk-wilayah-depok,Rp 500.000 - 2.000.000,7
Butuh surveyor untuk wilayah Tangerang,Business Analysis| Cashflow Analysis| Statistical Analysis| Analysis,https://projects.co.id/public/browse_projects/view/cd6c1b/butuh-surveyor-untuk-wilayah-tangerang,Rp 500.000 - 2.000.000,7
Butuh surveyor untuk wilayah Bekasi,Business Analysis| Statistical Analysis| Analysis| Data Analysis,https://projects.co.id/public/browse_projects/view/c76c1b/butuh-surveyor-untuk-wilayah-bekasi,Rp 500.000 - 2.000.000,7
BUTUH JASA CONVERT WEBSITE KE WORDPRESS,Wordpress,https://projects.co.id/public/browse_projects/view/be6c1b/butuh-jasa-convert-website-ke-wordpress,Rp 500.000 - 1.500.000,5
Aplikasi Kasir & Sistem Toko Androin Online,Database Programming| Mobile Programming| Android| Web Programming| JavaScript| CSS| Bootstrap| Android studio| Dribbble| Phyton,https://projects.co.id/public/browse_projects/view/866b1b/aplikasi-kasir-amp-sistem-toko-androin-online,Rp 1.000.000 - 1.500.000,7
Tutor untuk olah data skripsi,Technical Support| Technical Analysis,https://projects.co.id/public/browse_projects/view/af6c1b/tutor-untuk-olah-data-skripsi,Rp 500.000 - 750.000,14
Edit Video Tiktok (Hanya 15-20 detik),Audio Editing| Video Editing| Video Production| SVG-Edit| Video Animation,https://projects.co.id/public/browse_projects/view/a36c1b/edit-video-tiktok-hanya-15-20-detik,Rp 50.000 - 70.000,7
Dibutuhkan: Freelancer untuk Pembuatan Toko di Tokopedia (Proyek Tunggal),Internet Marketing,https://projects.co.id/public/browse_projects/view/a6691b/dibutuhkan-freelancer-untuk-pembuatan-toko-di-tokopedia-proyek-tunggal,Rp 250.000 - 300.000,7
Masking hardware fingerprints di python selenium webdriver,Python| JavaScript| Machine Learning,https://projects.co.id/public/browse_projects/view/a76b1b/masking-hardware-fingerprints-di-python-selenium-webdriver,Rp 750.000 - 2.000.000,7
PENGAJAR DIGITAL MARKETING,Internet Marketing| Search Engine Optimization (SEO)| Social Media Marketing (SMM)| Market Research| Marketing Strategy,https://projects.co.id/public/browse_projects/view/fe6b1b/pengajar-digital-marketing,Rp 4.000.000 - 5.000.000,30
Dibutuhkan Advertising (Meta| google| tiktok),Advertising| Marketing Strategy| Google Adsense| Facebook,https://projects.co.id/public/browse_projects/view/976c1b/dibutuhkan-advertising-meta-google-tiktok,Rp 3.000.000 - 5.000.000,30
Pembuatan Artikel,Writing| Copywriter| Content Writer,https://projects.co.id/public/browse_projects/view/76691b/pembuatan-artikel,Rp 110.000 - 125.000,10
Membuat User management dan Menu management dgn CI4,jQuery| PHP| CodeIgniter| Laravel Framework,https://projects.co.id/public/browse_projects/view/7c6c1b/membuat-user-management-dan-menu-management-dgn-ci4,Rp 750.000 - 1.250.000,7
Backend Web dan Aplikasi Baca Komik,MySQL| Java| Wordpress| NodeJS| MongoDB| API Gateway,https://projects.co.id/public/browse_projects/view/676c1b/backend-web-dan-aplikasi-baca-komik,Rp 3.000.000 - 8.000.000,60
Pembuatan aplikasi POS untuk https://loopyeyewear.com/,PHP| Laravel Framework,https://projects.co.id/public/browse_projects/view/3a6c1b/pembuatan-aplikasi-pos-untuk-httpsloopyeyewearcom,Rp 3.500.000 - 7.000.000,7
Ecommerce Multiseller,PHP| Laravel Framework,https://projects.co.id/public/browse_projects/view/d46b1b/ecommerce-multiseller,Rp 10.000.000 - 20.000.000,60
AKUN TIKTOK MONETISASI,Web Programming,https://projects.co.id/public/browse_projects/view/806b1b/akun-tiktok-monetisasi,Rp 750.000 - 1.000.000,7
BOT TWITTER,Python| JavaScript| NodeJS,https://projects.co.id/public/browse_projects/view/836b1b/bot-twitter,Rp 1.000.000 - 1.500.000,30
Membuat Modul Bahasa Indonesia Kelas 8 dan Kelas 9 Kurikulum Merdeka,Writing,https://projects.co.id/public/browse_projects/view/f3671b/membuat-modul-bahasa-indonesia-kelas-8-dan-kelas-9-kurikulum-merdeka,Rp 250.000 - 300.000,14
asisten konsultan,Administrative Support| Business Analysis| Cashflow Analysis| Administration| Analysis| Data Analysis,https://projects.co.id/public/browse_projects/view/666a1b/asisten-konsultan,Rp 500.000 - 1.500.000,7
Integrasi Akun Simpel Indosat ke digiflazz Seller,Web Research| Web Programming| Website| Website Building| Web Scrapping,https://projects.co.id/public/browse_projects/view/e76a1b/integrasi-akun-simpel-indosat-ke-digiflazz-seller,Rp 1.000.000 - 2.000.000,7
Project untuk veteran ReactJS dan Laravel,Laravel Framework| ReactJS,https://projects.co.id/public/browse_projects/view/d56a1b/project-untuk-veteran-reactjs-dan-laravel,Rp 12.000.000 - 15.000.000,60
BIKIN WEBSITE ANDROID FRIENDLY GABUNGAN PPOB dan ONLINESHOP,MySQL| Mobile Programming| Web Programming| Web Design| Website Building| WooCommerce,https://projects.co.id/public/browse_projects/view/91661b/bikin-website-android-friendly-gabungan-ppob-dan-onlineshop,Rp 3.000.000 - 5.000.000,30
Merubah Cyberpanel menjadi cpanel,PHP| CPanel,https://projects.co.id/public/browse_projects/view/cc6a1b/merubah-cyberpanel-menjadi-cpanel,Rp 1.000.000 - 4.000.000,7
Butuh bantuan mengenai penggunaan aplikasi AJAIB,Tutorial/Assistant,https://projects.co.id/public/browse_projects/view/bd6a1b/butuh-bantuan-mengenai-penggunaan-aplikasi-ajaib,Rp 200.000 - 400.000,30
Cari orang buat Landingpage sekaligus pasang pixel dan Event di Dashboard Meta ads,Internet Marketing| Pay-per-Click Marketing (PPC)| Social Media Marketing (SMM)| Wordpress,https://projects.co.id/public/browse_projects/view/ba6a1b/cari-orang-buat-landingpage-sekaligus-pasang-pixel-dan-event-di-dashboard-meta-ads,Rp 250.000 - 300.000,7
Pembuatan crud sederhana dengan vue,VueJS,https://projects.co.id/public/browse_projects/view/a86a1b/pembuatan-crud-sederhana-dengan-vue,Rp 350.000 - 500.000,14
API POS SYSTEM SEPERTI MOKAPOS,MySQL| Java| Java Native| Golang,https://projects.co.id/public/browse_projects/view/9c6a1b/api-pos-system-seperti-mokapos,Rp 3.000.000 - 6.000.000,30
Bot untuk mencari link download file video,Python| .NET Framework| VisualBasic,https://projects.co.id/public/browse_projects/view/966a1b/bot-untuk-mencari-link-download-file-video,Rp 500.000 - 1.000.000,2
Scrape Python untuk mendapat full artikel dari situs berita tertentu,Python| Web Scrapping,https://projects.co.id/public/browse_projects/view/756a1b/scrape-python-untuk-mendapat-full-artikel-dari-situs-berita-tertentu,Rp 500.000 - 600.000,30
Memperbaiki Fitur View Pada Admin Panel Nextjs,MySQL| PHP| Laravel Framework,https://projects.co.id/public/browse_projects/view/ec681b/memperbaiki-fitur-view-pada-admin-panel-nextjs,Rp 150.000 - 200.000,1
Membuat artikel untuk targeting keyword website,Search Engine Optimization (SEO),https://projects.co.id/public/browse_projects/view/3e651b/membuat-artikel-untuk-targeting-keyword-website,Rp 1.000.000 - 1.500.000,7
Di cari yang mengerti backdroop /webshell,Bash/Shell| PHP| HTML,https://projects.co.id/public/browse_projects/view/066a1b/di-cari-yang-mengerti-backdroop-webshell,Rp 450.000 - 500.000,3
Update Phyton Script dan Upload VPS / AWS,AWS Cloud| Phyton,https://projects.co.id/public/browse_projects/view/186a1b/update-phyton-script-dan-upload-vps-aws,Rp 400.000 - 500.000,2
Autentikasi multi-user dengan WhatsApp Web Js,Web Programming,https://projects.co.id/public/browse_projects/view/fd691b/autentikasi-multi-user-dengan-whatsapp-web-js,Rp 750.000 - 1.000.000,7
Soal grafika komputer - TRANSFORMASI 3D,Data Entry| Business Analysis| Database Programming| Administration| Microsoft Excel| Data Analysis| Data Mining| Data Integration| Daz Studio| Data Science,https://projects.co.id/public/browse_projects/view/d3691b/soal-grafika-komputer-transformasi-3d,Rp 500.000 - 700.000,7
Integrasi monday.com dengan tools AI.,Python| JavaScript| PHP,https://projects.co.id/public/browse_projects/view/d0691b/integrasi-mondaycom-dengan-tools-ai,Rp 500.000 - 700.000,7
Dibutuhkan untuk membuat board otomasi sederhana di Monday.com,Python| JavaScript| PHP,https://projects.co.id/public/browse_projects/view/cd691b/dibutuhkan-untuk-membuat-board-otomasi-sederhana-di-mondaycom,Rp 450.000 - 600.000,7
Dicari programmer yang paham sangat PHP| wordpress| javascript| dan mongodb,MySQL| JavaScript| PHP| MongoDB,https://projects.co.id/public/browse_projects/view/b8691b/dicari-programmer-yang-paham-sangat-php-wordpress-javascript-dan-mongodb,Rp 150.000 - 300.000,3
Dibutuhkan Freelancer Dibayar Bulanan Untuk Jangka Panjang,Writing| Content Writer,https://projects.co.id/public/browse_projects/view/53681b/dibutuhkan-freelancer-dibayar-bulanan-untuk-jangka-panjang,Rp 1.800.000 - 2.000.000,7
SOAL PENGOLAHAN CITRA & GRAFIKA KOMPUTER,Data Entry| Database Programming| Mobile Programming| Microsoft Excel| Data Analysis| Data Mining| Data Integration| Matematika| Data Science,https://projects.co.id/public/browse_projects/view/88691b/soal-pengolahan-citra-amp-grafika-komputer,Rp 150.000 - 300.000,7
Bantu selesaikan bab 3,Writing,https://projects.co.id/public/browse_projects/view/73691b/bantu-selesaikan-bab-3,Rp 150.000 - 200.000,7
Memindahkan code web scraping tachiyomi-extension ke aplikasi baru,Java| Web Scrapping| Android studio| Kotlin,https://projects.co.id/public/browse_projects/view/4f691b/memindahkan-code-web-scraping-tachiyomi-extension-ke-aplikasi-baru,Rp 5.000.000 - 5.000.000,14
Social Media Management - Jakarta - Perempuan,Internet Marketing| Social Media Marketing (SMM)| Sales and Marketing| Telemarketing| Administration| Instagram| Social Media,https://projects.co.id/public/browse_projects/view/3d691b/social-media-management-jakarta-perempuan,Rp 3.000.000 - 4.000.000,30
Membuat Web Kursus dengan Wordpress,PHP| CakePHP| Zend Framework| Django Framework| Wordpress| Laravel Framework| ZKoss Framework | Vaadin Framework.| Ionic Framework| Entity Framework,https://projects.co.id/public/browse_projects/view/2b691b/membuat-web-kursus-dengan-wordpress,Rp 500.000 - 1.000.000,7
Solidity smart contract staking,NodeJS,https://projects.co.id/public/browse_projects/view/d7681b/solidity-smart-contract-staking,Rp 1.000.000 - 3.000.000,7
Butuh bantuan translate dokumen ke dalam bahasa inggris dengan menggunakan PHP native,Tutorial/Assistant,https://projects.co.id/public/browse_projects/view/c8681b/butuh-bantuan-translate-dokumen-ke-dalam-bahasa-inggris-dengan-menggunakan-php-native,Rp 750.000 - 1.500.000,30
Script Scape Cek Mutasi mybca.bca.co.id,PHP| NodeJS,https://projects.co.id/public/browse_projects/view/ad681b/script-scape-cek-mutasi-mybcabcacoid,Rp 1.000.000 - 2.000.000,7
Jasa Approve Google Adsense Untuk Website,Advertising| Website| Google Adsense,https://projects.co.id/public/browse_projects/view/71681b/jasa-approve-google-adsense-untuk-website,Rp 200.000 - 500.000,7
Scrape Mutasi BCA Multi Akun Login,PHP| NodeJS,https://projects.co.id/public/browse_projects/view/68681b/scrape-mutasi-bca-multi-akun-login,Rp 1.000.000 - 3.000.000,7
Buatkan HTML,Bootstrap,https://projects.co.id/public/browse_projects/view/65681b/buatkan-html,Rp 300.000 - 500.000,1
Convert project php native ke codeigniter | tentang mikrotik ApI website,CodeIgniter| Visual Studio Code,https://projects.co.id/public/browse_projects/view/35681b/convert-project-php-native-ke-codeigniter-tentang-mikrotik-api-website,Rp 350.000 - 500.000,5
Merubah website yg sudah ada menjadi core WP,PHP| Wordpress,https://projects.co.id/public/browse_projects/view/f9671b/merubah-website-yg-sudah-ada-menjadi-core-wp,Rp 500.000 - 1.000.000,3
Membuat midi lagu anak anak,Audio Production,https://projects.co.id/public/browse_projects/view/e4671b/membuat-midi-lagu-anak-anak,Rp 400.000 - 500.000,7
Pembuatan Aplikasi Google Bulk Inspect URLs,PHP| Google Cloud Platform,https://projects.co.id/public/browse_projects/view/37661b/pembuatan-aplikasi-google-bulk-inspect-urls,Rp 1.500.000 - 3.000.000,10
Sibling "RuangKerja",CakePHP| CodeIgniter| Laravel Framework,https://projects.co.id/public/browse_projects/view/c0671b/sibling-quotruangkerjaquot,Rp 5.000.000 - 7.000.000,30
Perancangan aplikasi e-foodcourt dengan teknologi augmented reality berbasis web,Web Programming| Website,https://projects.co.id/public/browse_projects/view/96671b/perancangan-aplikasi-e-foodcourt-dengan-teknologi-augmented-reality-berbasis-web,Rp 5.000.000 - 10.000.000,30
Butuh bantuan dalam pembuatan API untuk pelaporan ke quickbase,PHP| Tutorial/Assistant,https://projects.co.id/public/browse_projects/view/a2671b/butuh-bantuan-dalam-pembuatan-api-untuk-pelaporan-ke-quickbase,Rp 300.000 - 500.000,30
Buat Web Application E-Office,PHP| CodeIgniter| Laravel Framework| NodeJS,https://projects.co.id/public/browse_projects/view/7e671b/buat-web-application-e-office,Rp 2.500.000 - 8.000.000,30
Menulis 90 butir soal TKP CPNS sesuai kisi,Data Entry| Copywriter,https://projects.co.id/public/browse_projects/view/54671b/menulis-90-butir-soal-tkp-cpns-sesuai-kisi,Rp 280.000 - 370.000,7
Perbaiakn Fungsi Login flutter,Flutter,https://projects.co.id/public/browse_projects/view/e5661b/perbaiakn-fungsi-login-flutter,Rp 150.000 - 300.000,7
Perbaikan Fungsi Electron JS,JavaScript,https://projects.co.id/public/browse_projects/view/e2661b/perbaikan-fungsi-electron-js,Rp 250.000 - 350.000,7
Menerjemahkan naskah kedalam bahasa inggris,Transcription| English,https://projects.co.id/public/browse_projects/view/e8661b/menerjemahkan-naskah-kedalam-bahasa-inggris,Rp 50.000 - 50.000,1
Konvert code PineScript ke PHP atau Python,Python| PHP| Flask Python,https://projects.co.id/public/browse_projects/view/a9661b/konvert-code-pinescript-ke-php-atau-python,Rp 2.000.000 - 4.000.000,14
Cari Worker Untuk Meredesign Game,Unity 3D| Unity,https://projects.co.id/public/browse_projects/view/9a661b/cari-worker-untuk-meredesign-game,Rp 1.500.000 - 3.000.000,7
Bantu Integrasikan Singpass,NodeJS,https://projects.co.id/public/browse_projects/view/9d661b/bantu-integrasikan-singpass,Rp 500.000 - 750.000,1
Cari orang yang bisa buat Landingpage di Berdu & Elementor,Internet Marketing| Pay-per-Click Marketing (PPC)| Wordpress Templates,https://projects.co.id/public/browse_projects/view/85661b/cari-orang-yang-bisa-buat-landingpage-di-berdu-amp-elementor,Rp 250.000 - 300.000,2
Cari Sistem ERP berbasis node.js,NodeJS,https://projects.co.id/public/browse_projects/view/70661b/cari-sistem-erp-berbasis-nodejs,Rp 1.000.000 - 2.000.000,3
Butuh tools yang bisa mencatat segala riwayat terkait setiap data yang ada dalam sistem,Tutorial/Assistant,https://projects.co.id/public/browse_projects/view/34661b/butuh-tools-yang-bisa-mencatat-segala-riwayat-terkait-setiap-data-yang-ada-dalam-sistem,Rp 500.000 - 1.000.000,30
Setting Cloud Server & RDS,Networking| Network Security,https://projects.co.id/public/browse_projects/view/49661b/setting-cloud-server-amp-rds,Rp 10.000.000 - 15.000.000,30
buat web sederhana untuk skripsi,PHP,https://projects.co.id/public/browse_projects/view/22661b/buat-web-sederhana-untuk-skripsi,Rp 750.000 - 1.500.000,10
Content Script Writer / Social Media Strategist,Social Media Marketing (SMM)| Writing| Copywriter| Screenwriting| Content Writer| Social Media,https://projects.co.id/public/browse_projects/view/dd651b/content-script-writer-social-media-strategist,Rp 2.000.000 - 3.000.000,30
Membuat Kotlin Code Sederhana Tampilkan Iklan,Kotlin,https://projects.co.id/public/browse_projects/view/ad651b/membuat-kotlin-code-sederhana-tampilkan-iklan,Rp 150.000 - 200.000,1
edit video untuk content youtube,Video Editing,https://projects.co.id/public/browse_projects/view/35651b/edit-video-untuk-content-youtube,Rp 250.000 - 400.000,3
Menulis 2 artikel,Writing,https://projects.co.id/public/browse_projects/view/32651b/menulis-2-artikel,Rp 110.000 - 121.261,14
cari developer untuk bikin web mirip kitabisa.com,Web Programming| Website| Web Design| Website Building,https://projects.co.id/public/browse_projects/view/2f651b/cari-developer-untuk-bikin-web-mirip-kitabisacom,Rp 2.000.000 - 5.000.000,30
Saya butuh bantuan untuk migrasi email ke server LAMP,Email Support| Linux| CPanel,https://projects.co.id/public/browse_projects/view/11651b/saya-butuh-bantuan-untuk-migrasi-email-ke-server-lamp,Rp 500.000 - 1.000.000,10
Data ASEAN CG Scorecard,Data Science,https://projects.co.id/public/browse_projects/view/d2641b/data-asean-cg-scorecard,Rp 7.500.000 - 15.000.000,14
RECREATE TEMPLATE WEBSITE,Website Templates| CSS Templates| HTML| Bootstrap,https://projects.co.id/public/browse_projects/view/e2631b/recreate-template-website,Rp 350.000 - 500.000,4
UI/UX untuk app Banking,UI Design| UX Design,https://projects.co.id/public/browse_projects/view/8d641b/uiux-untuk-app-banking,Rp 6.000.000 - 10.000.000,30
social media post (foto dan design),Social Media Marketing (SMM)| Graphic Design| Logo Design| UI Design| Social Media,https://projects.co.id/public/browse_projects/view/ab641b/social-media-post-foto-dan-design,Rp 700.000 - 1.000.000,7
Manajemen Proyek,Data Analysis| Copywriter,https://projects.co.id/public/browse_projects/view/a2641b/manajemen-proyek,Rp 130.000 - 150.000,7
Bantuan IT Support,Technical Support| Networking,https://projects.co.id/public/browse_projects/view/8a641b/bantuan-it-support,Rp 2.500.000 - 4.500.000,20
Butuh bantuan dalam melaksanakan manajemen risiko,Tutorial/Assistant,https://projects.co.id/public/browse_projects/view/7e641b/butuh-bantuan-dalam-melaksanakan-manajemen-risiko,Rp 500.000 - 1.000.000,30
Perbaikan tampilan dan fungsi codeigniter,CodeIgniter,https://projects.co.id/public/browse_projects/view/75641b/perbaikan-tampilan-dan-fungsi-codeigniter,Rp 500.000 - 1.000.000,7
Freelance Content Writer,Writing| Content Writer,https://projects.co.id/public/browse_projects/view/09641b/freelance-content-writer,Rp 500.000 - 600.000,30
API CEK DPT,API Gateway,https://projects.co.id/public/browse_projects/view/f7631b/api-cek-dpt,Rp 1.000.000 - 3.000.000,7
Buka file .rar yang di password/encrptyed,.NET/Mono| Python| .NET Micro Framework| .NET Compact Framework| Android| ActionScript| .NET Framework| C/C++| Administration| ActiveDirectory,https://projects.co.id/public/browse_projects/view/eb631b/buka-file-rar-yang-di-passwordencrptyed,Rp 250.000 - 300.000,7
